last_updated_dt;chainid;chainname;ticker;data
2020-06-23;556dfce1a7c82e6b724e4092;Citibank;C;1
2020-06-23;556a41d7a7c8957d73d5f17e;Hyatt Regency;H;1
2020-06-23;556a23a0a7c8957d73d2e846;Hyatt House;H;1
2020-06-23;5569f581a7c8896abe7ca02b;Hyatt Hotels;H;1
2020-06-23;556c8cb7a7c8a11a36bcb5af;Hyatt Place;H;1
2020-06-23;5569f334a7c8896abe7c5867;Park Hyatt;H;1
2020-06-23;5569f59aa7c8896abe7ca34c;Grand Hyatt;H;1
2020-06-23;556e5c72bd6a82902e29785e;Andaz;H;1
2020-06-23;556e5b06bd6a82902e294a69;Loews Hotels;L;1
2020-06-23;556d0a3aaceaff43eb082e54;Macy's;M;1
2020-06-23;5569f24fa7c8896abe7c3798;Bloomingdale's;M;1
2020-06-23;556f3c31bd6a8104863bf475;Bluemercury;M;1
2020-06-23;556de8c8a7c82f0fe987b2c2;Sprint;S;1
2020-06-23;556e1d0ca7c82e6b7251e0a8;AT&T;T;1
2020-06-23;556e1d0ca7c82e6b7251e0b2;Cricket Wireless;T;1
2020-06-23;556ca152a7c87f63786a4a28;AutoNation;AN;1
2020-06-23;556cfe41aceaff43eb06e33d;Steak 'n Shake;BH;1
2020-06-23;556f5631bd6a75a99036ab9a;BP;BP;1
2020-06-23;556f676fbd6a75a99038d8de;Dollar General;DG;1
2020-06-23;5592e3f4498eec71c3fd98be;Dollar General Market;DG;1
2020-06-23;556cfc3faceaff43eb0690bf;Champs Sports;FL;1
2020-06-23;556de8c8a7c82f0fe987b2d2;Foot Locker;FL;1
2020-06-23;5569f8a8a7c8896abe7d0675;The Goldman Sachs Group, Inc.;GS;1
2020-06-23;556e146fa7c82e6b725097d7;The Home Depot;HD;1
2020-06-23;556a36a5a7c8957d73d51a70;Smith's;KR;1
2020-06-23;556e0690a7c82e6b724e70ac;Kroger;KR;1
2020-06-23;5569eedfa7c8896abe7bd584;Copps;KR;1
2020-06-23;556a25c0a7c8957d73d33022;Tom Thumb;KR;1
2020-06-23;556a3e88a7c8957d73d5a815;King Soopers;KR;1
2020-06-23;556f444cbd6a007c7738c071;Pick 'n Save;KR;1
2020-06-23;556a34b9a7c8957d73d4de0e;Fred Meyer;KR;1
2020-06-23;556ce010aceaff43eb044906;Fred Meyer Jewelers;KR;1
2020-06-23;556a31e2a7c8957d73d48750;Tom Thumb C-Stores;KR;1
2020-06-23;556f4350bd6a007c773894ab;Dillons;KR;1
2020-06-23;556a48c3a7c8957d73d66808;LoafNJug;KR;1
2020-06-23;556f4173bd6a007c77386113;Mariano's Fresh Market;KR;1
2020-06-23;556a2332a7c8957d73d2d8f8;QFC;KR;1
2020-06-23;556a35b9a7c8957d73d4fb15;Fry's Food Stores;KR;1
2020-06-23;556c9585a7c8a11a36bdbd74;Harris Teeter;KR;1
2020-06-23;556c9f5ca7c87f63786a0b07;Turkey Hill Minit Markets;KR;1
2020-06-23;5665cf7b60b2cc5383cff0ce;Kroger Pharmacy;KR;1
2020-06-23;556a3656a7c8957d73d50fdc;Kwik Shop;KR;1
2020-06-23;556de8c8a7c82f0fe987b2ca;Victoria's Secret PINK;LB;1
2020-06-23;556e092ea7c82e6b724ee2eb;Bath & Body Works;LB;1
2020-06-23;5593025b498e3298e1efd82d;Bath & Body Works Outlet;LB;1
2020-06-23;556de729a7c82f0fe9875f3c;Victoria's Secret;LB;1
2020-06-23;5569f1dca7c8896abe7c2fb0;Henri Bendel;LB;1
2020-06-23;58a5ccc3fc5a5f24e0f2e8f6;LabCorp;LH;1
2020-06-23;556d1612aceaff43eb0990c5;La Quinta Inns & Suites;LQ;1
2020-06-23;58545ab5fc8d5952b820a83c;Restoration Hardware;RH;1
2020-06-23;573cc559498e84dcd4adc344;Club Monaco;RL;1
2020-06-23;556c9b97a7c87f637869e19b;Ralph Lauren;RL;1
2020-06-23;556d0ef4aceaff43eb087d93;Ruby Tuesday;RT;1
2020-06-23;556a2781a7c8957d73d34798;Petro Stopping Centers;TA;1
2020-06-23;556a2265a7c8957d73d2bfc4;Quaker Steak & Lube®;TA;1
2020-06-23;556deb32a7c82f0fe988078e;TD Bank;TD;1
2020-06-23;561ff01b498e8b23a9c5b4f9;Toyota;TM;1
2020-06-23;568c4f8e498ec8e3dff565dd;Scion;TM;1
2020-06-23;556e51f3bd6a82902e28277b;Under Armour;UA;1
2020-06-23;556ce335aceaff43eb04ce67;Ben & Jerry's;UN;1
2020-06-23;5569f7e2a7c8896abe7cece2;Virgin America;VA;1
2020-06-23;556e0f6fa7c82e6b724f8c86;Verizon Wireless;VZ;1
2020-06-23;561fef25498e8b23a9c5b294;Western Union;WU;1
2020-06-23;556e23e9a7c82e6b7252cea9;CARQUEST Auto Parts;AAP;1
2020-06-23;556e3827bd6a82902e253a79;Advance Auto Parts;AAP;1
2020-06-23;556dfa53a7c82e6b724de0a0;American Eagle Outfitters;AEO;1
2020-06-23;5569f8a8a7c8896abe7d0663;Aerie;AEO;1
2020-06-23;5568efc1a7c8a9cf8ec3f792;77Kids by American Eagle;AEO;1
2020-06-23;563a60ac498e9cc40000ff41;AEO Factory Store;AEO;1
2020-06-23;556cdd65aceaff43eb03dde7;AMC Theatres;AMC;1
2020-06-23;5665cd7a60b2cc5383ccf5a5;Hollister;ANF;1
2020-06-23;5568f410a7c8a9cf8ec481f0;Abercrombie & Fitch;ANF;1
2020-06-23;5568efbaa7c8a9cf8ec3f679;abercrombie kids;ANF;1
2020-06-23;564e0af0498e60cfa9461996;P.S. from Aéropostale;ARO;1
2020-06-23;556d1eaeaceaff43eb0aea68;Aéropostale;ARO;1
2020-06-23;556ce0d4aceaff43eb0463f5;AvalonBay;AVB;1
2020-06-23;556ce4d6aceaff43eb050859;AutoZone;AZO;1
2020-06-23;56043ccc498ed9eb4df8d5e3;Bank of America;BAC;1
2020-06-23;556ce188aceaff43eb047f7f;Build-A-Bear Workshop;BBW;1
2020-06-23;556e0690a7c82e6b724e70ae;Best Buy;BBY;1
2020-06-23;556e092ea7c82e6b724ee2f6;Big Lots;BIG;1
2020-06-23;556cfd40aceaff43eb06ba6c;Brookdale Senior Living;BKD;1
2020-06-23;58544c5379dbf2191d5ab700;The Buckle;BKE;1
2020-06-23;564a5020498e1fe0ead4e7aa;Barnes & Noble Cafe;BKS;1
2020-06-23;556d1612aceaff43eb0990c6;Barnes & Noble;BKS;1
2020-06-23;5569f30aa7c8896abe7c5307;Northstar California™ Resort;BYD;1
2020-06-23;5568ef99a7c8a9cf8ec3f1c9;Boyd Gaming;BYD;1
2020-06-23;5569f825a7c8896abe7cf7a3;Cabela's;CAB;1
2020-06-23;58544ef579dbf2191d5ac64b;Caleres;CAL;1
2020-06-23;556e1846a7c82e6b72513d65;Budget Car Rental;CAR;1
2020-06-23;556e0bfaa7c82e6b724f5531;Avis Car Rental;CAR;1
2020-06-23;556e146fa7c82e6b725097d3;Zipcar;CAR;1
2020-06-23;5569eef1a7c8896abe7bd7af;Quality Inn;CHH;1
2020-06-23;556f3e26bd6a007c77380a9f;Econo Lodge;CHH;1
2020-06-23;5747181f498e490264d644e7;Mainstay Suites;CHH;1
2020-06-23;556f3e84bd6a007c773817cf;Cambria Hotels & Suites;CHH;1
2020-06-23;5568eadba7c8a9cf8ec377f7;Rodeway Inn;CHH;1
2020-06-23;556e53c4bd6a82902e284edf;Sleep Inn & Suites;CHH;1
2020-06-23;556e58fdbd6a82902e28f8a0;Comfort Suites;CHH;1
2020-06-23;57470829498e964e62174c2b;Ascend Hotel Collection;CHH;1
2020-06-23;556e583bbd6a82902e28ddf5;Clarion;CHH;1
2020-06-23;556a259ba7c8957d73d32b44;Comfort Inn & Suites;CHH;1
2020-06-23;5568f0a8a7c8a9cf8ec4169f;Chico's;CHS;1
2020-06-23;556e0f6fa7c82e6b724f8c82;Chipotle Mexican Grill;CMG;1
2020-06-23;556c9990a7c87f637869a5fb;Cinemark;CNK;1
2020-06-23;556ce2a7aceaff43eb04b488;Coach;COH;1
2020-06-23;556d0479aceaff43eb07b081;Carter's;CRI;1
2020-06-23;556d1457aceaff43eb094f79;MinuteClinic;CVS;1
2020-06-23;556f5631bd6a75a99036ab9b;CVS;CVS;1
2020-06-23;556f46f6bd6a007c77390fae;Chevron;CVX;1
2020-06-23;556e146fa7c82e6b725097df;Texaco;CVX;1
2020-06-23;5569f0b9a7c8896abe7c0617;Rio Las Vegas;CZR;1
2020-06-23;5569f28ca7c8896abe7c3fc5;Caesars Palace;CZR;1
2020-06-23;5569f2b8a7c8896abe7c4534;Paris Las Vegas;CZR;1
2020-06-23;5568ef67a7c8a9cf8ec3eab9;Flamingo Las Vegas;CZR;1
2020-06-23;556a45bfa7c8957d73d617dc;Delta;DAL;1
2020-06-23;556ca462a7c87f63786aa4da;Dillard's;DDS;1
2020-06-23;5665d19e60b2cc5383d38d2e;Quest Diagnostics;DGX;1
2020-06-23;556e0f6fa7c82e6b724f8c84;IHOP;DIN;1
2020-06-23;556e146fa7c82e6b725097e1;Applebee's;DIN;1
2020-06-23;556c9628a7c8a11a36bdd0b5;Disney Store;DIS;1
2020-06-23;57472dfd498ed8d1fff1106d;Walt Disney Parks and Resorts;DIS;1
2020-06-23;5568ef2ca7c8a9cf8ec3e31a;Field & Stream;DKS;1
2020-06-23;556a2a78a7c8957d73d39dbf;Golf Galaxy;DKS;1
2020-06-23;556d0353aceaff43eb077ef7;DICK'S Sporting Goods;DKS;1
2020-06-23;5568effba7c8a9cf8ec3ffa2;&pizza;DPZ;1
2020-06-23;556e40c7bd6a82902e2671cd;Domino's Pizza;DPZ;1
2020-06-23;5569f571a7c8896abe7c9d0f;Bahama Breeze;DRI;1
2020-06-23;556a223ba7c8957d73d2bad3;Yard House;DRI;1
2020-06-23;556d1777aceaff43eb09d1f1;Olive Garden;DRI;1
2020-06-23;556ce747aceaff43eb05689e;LongHorn Steakhouse;DRI;1
2020-06-23;5568f0f5a7c8a9cf8ec42180;Eddie V's Prime Seafood;DRI;1
2020-06-23;5569f825a7c8896abe7cf7b1;Seasons 52;DRI;1
2020-06-23;5569ff73a7c8896abe7ddb42;The Capital Grille;DRI;1
2020-06-23;556ce2a7aceaff43eb04b492;DSW Designer Shoe Warehouse;DSW;1
2020-06-23;556df7e1a7c82e6b724d8229;Chili's Grill & Bar;EAT;1
2020-06-23;5569fa23a7c8896abe7d3920;Maggiano's;EAT;1
2020-06-23;556ce8d9aceaff43eb0588d8;Equity Residential;EQR;1
2020-06-23;556a4935a7c8957d73d676bd;Essex Property Trust;ESS;1
2020-06-23;556e092ea7c82e6b724ee2fb;Extra Space Storage;EXR;1
2020-06-23;556f5631bd6a75a99036aba2;Family Dollar;FDO;1
2020-06-23;556e23e9a7c82e6b7252cea7;FedEx Office Print & Ship Center;FDX;1
2020-06-23;556a2805a7c8957d73d35400;Cedar Fair Amusement Parks;FUN;1
2020-06-23;556a4162a7c8957d73d5e4a7;Johnston & Murphy;GCO;1
2020-06-23;56285abb498e992da0150cfa;LIDS / Hat World;GCO;1
2020-06-23;556ca24da7c87f63786a6093;GUESS;GES;1
2020-06-23;556e3827bd6a82902e253a78;GameStop;GME;1
2020-06-23;556e3827bd6a82902e253a7e;GNC;GNC;1
2020-06-23;556d1d36aceaff43eb0a9e60;Old Navy;GPS;1
2020-06-23;556d1457aceaff43eb094f73;GAP;GPS;1
2020-06-23;556d0479aceaff43eb07b07d;Banana Republic;GPS;1
2020-06-23;573e05ed498e26579d39f640;Hanes Brands;HBI;1
2020-06-23;556c9b97a7c87f637869e197;h.h. gregg;HGG;1
2020-06-23;57471bea498e6f9eafbcd914;Conrad Hotels & Resorts;HLT;1
2020-06-23;5568f398a7c8a9cf8ec47148;Hampton by Hilton;HLT;1
2020-06-23;556c8d37a7c8a11a36bcc571;Embassy Suites by Hilton;HLT;1
2020-06-23;5569f189a7c8896abe7c2366;Home2 Suites by Hilton;HLT;1
2020-06-23;556e4edcbd6a82902e27f7b8;Homewood Suites by Hilton;HLT;1
2020-06-23;556e146fa7c82e6b725097d5;Hilton Hotels & Resorts;HLT;1
2020-06-23;556e582dbd6a82902e28db7d;Hilton Garden Inn;HLT;1
2020-06-23;5569ef52a7c8896abe7be308;Hilton Grand Vacations;HLT;1
2020-06-23;556cdd65aceaff43eb03dde1;DoubleTree by Hilton;HLT;1
2020-06-23;556f4147bd6a007c77385b1e;Waldorf Astoria;HLT;1
2020-06-23;556e518ebd6a82902e282014;HONDA;HMC;1
2020-06-23;556e5fcdbd6a82902e29e31e;Harley-Davidson;HOG;1
2020-06-23;556e5234bd6a82902e282d0f;FourPoints by Sheraton;HOT;1
2020-06-23;556e5c4fbd6a82902e29721f;Westin Hotels & Resorts;HOT;1
2020-06-23;556e56b5bd6a82902e28b054;Aloft Hotels;HOT;1
2020-06-23;5569f692a7c8896abe7cc344;Sheraton;HOT;1
2020-06-23;556e520bbd6a82902e282998;The Luxury Collection;HOT;1
2020-06-23;556f4131bd6a007c773857fd;St. Regis Hotels;HOT;1
2020-06-23;556e5a4fbd6a82902e292d26;W Hotels Worldwide;HOT;1
2020-06-23;556f676fbd6a75a99038d8e0;H&R Block;HRB;1
2020-06-23;556e23e9a7c82e6b7252cead;Hertz;HTZ;1
2020-06-23;556a32c4a7c8957d73d4a2ed;Havertys Furniture;HVT;1
2020-06-23;556e0690a7c82e6b724e70a3;Holiday Inn;IHG;1
2020-06-23;5569fe7da7c8896abe7dbfa6;Hotel Indigo;IHG;1
2020-06-23;556a48c3a7c8957d73d66814;InterContinental Hotels & Resorts;IHG;1
2020-06-23;556ce747aceaff43eb056899;Crowne Plaza Hotels & Resorts;IHG;1
2020-06-23;556c8f10a7c8a11a36bcf8a8;Staybridge Suites;IHG;1
2020-06-23;556ce2a7aceaff43eb04b48a;Candlewood Suites;IHG;1
2020-06-23;556e1846a7c82e6b72513d63;Holiday Inn Express;IHG;1
2020-06-23;556c8d37a7c8a11a36bcc56b;Joe's Crab Shack;IRG;1
2020-06-23;5568f2b7a7c8a9cf8ec45ea6;Brick House Tavern + Tap;IRG;1
2020-06-23;556de8c8a7c82f0fe987b2c8;JCPenney;JCP;1
2020-06-23;5569fb2da7c8896abe7d5b5e;JPMorgan Chase & Co.;JPM;1
2020-06-23;556f46f6bd6a007c77390fa8;Chase Bank;JPM;1
2020-06-23;556cfa63aceaff43eb063e0d;Nordstrom;JWN;1
2020-06-23;55c15ff7498e2a4c86c9c054;Nordstrom Rack;JWN;1
2020-06-23;556c96cda7c8a11a36bde31e;Krispy Kreme Doughnuts;KKD;1
2020-06-23;556a2481a7c8957d73d306fb;Mills Fleet Farm;KKR;1
2020-06-23;556a48c3a7c8957d73d66802;CarMax;KMX;1
2020-06-23;556df7e1a7c82e6b724d822a;Kohl's;KSS;1
2020-06-23;556f43a2bd6a007c7738a3bd;Orchard Supply Hardware;LOW;1
2020-06-23;556e119fa7c82e6b725012ec;Lowe's;LOW;1
2020-06-23;556f3ffdbd6a007c77382ff9;Cheeseburger In Paradise;LUB;1
2020-06-23;556f43bdbd6a007c7738aab6;Luby's;LUB;1
2020-06-23;556a4bb0a7c8957d73d68bbf;Fuddruckers;LUB;1
2020-06-23;556d1d36aceaff43eb0a9e64;LensCrafters;LUX;1
2020-06-23;556e119fa7c82e6b725012e6;Sunglass Hut;LUX;1
2020-06-23;556cfd40aceaff43eb06ba69;Pearle Vision;LUX;1
2020-06-23;556a2307a7c8957d73d2d3ea;Macerich;MAC;1
2020-06-23;556e554cbd6a82902e287cd0;Courtyard by Marriott;MAR;1
2020-06-23;556f4350bd6a007c773894a9;The Ritz-Carlton;MAR;1
2020-06-23;556a2d9ea7c8957d73d40533;Marriott Hotels;MAR;1
2020-06-23;556a2d9ea7c8957d73d4052a;Renaissance Hotels;MAR;1
2020-06-23;57505630498eb16d728dd307;JW Marriott;MAR;1
2020-06-23;573e0d7b498e05adf08f59e8;TownePlace Suites;MAR;1
2020-06-23;556e5513bd6a82902e2875b7;SpringHill Suites;MAR;1
2020-06-23;556f3e21bd6a007c773809e0;Fairfield Inn;MAR;1
2020-06-23;556f3d48bd6a007c7737e8e4;Mapco;MAS;1
2020-06-23;556f7a12bd6a75a9903bddb2;McDonald's;MCD;1
2020-06-23;556a259ba7c8957d73d32b42;Marcus Theatres;MCS;1
2020-06-23;5569f52ba7c8896abe7c93c6;The Mirage Hotel & Casino;MGM;1
2020-06-23;5569f28ca7c8896abe7c3fc9;Monte Carlo Resort and Casino;MGM;1
2020-06-23;5568ef53a7c8a9cf8ec3e87d;LuxorLV;MGM;1
2020-06-23;5569edaaa7c8896abe7bb4d1;Circus Circus;MGM;1
2020-06-23;556a379ea7c8957d73d539d1;Aaron Brothers;MIK;1
2020-06-23;556df7e1a7c82e6b724d8231;Michaels;MIK;1
2020-06-23;556cde1baceaff43eb03f96b;WilcoHess;MPC;1
2020-06-23;5643a608498e5a40b9b157d7;M&T Bank;MTB;1
2020-06-23;556a4ca4a7c8957d73d6a0ff;Meritage Homes;MTH;1
2020-06-23;564bb808498e7a0bb831fa46;Converse Factory Outlet;NKE;1
2020-06-23;5569f2f9a7c8896abe7c5041;Converse;NKE;1
2020-06-23;556a22a9a7c8957d73d2c9ee;Nike;NKE;1
2020-06-23;556cfd40aceaff43eb06ba6b;New York & Company;NWY;1
2020-06-23;556d1777aceaff43eb09d1ed;OfficeMax;ODP;1
2020-06-23;556de8c8a7c82f0fe987b2c4;Office Depot;ODP;1
2020-06-23;556de729a7c82f0fe9875f3b;Pier 1 Imports;PIR;1
2020-06-23;556e146fa7c82e6b725097db;Public Storage;PSA;1
2020-06-23;5568f2a6a7c8a9cf8ec45bd9;76 Gas Stations;PSX;1
2020-06-23;556e4ed4bd6a82902e27f712;Phillips 66;PSX;1
2020-06-23;556a337ba7c8957d73d4b6ba;IZOD;PVH;1
2020-06-23;556a4d8aa7c8957d73d6bf65;Van Heusen Outlets;PVH;1
2020-06-23;556c9b97a7c87f637869e199;Tommy Hilfiger;PVH;1
2020-06-23;556f44debd6a007c7738d65f;Calvin Klein;PVH;1
2020-06-23;5569fcd1a7c8896abe7d9105;Tim Hortons;QSR;1
2020-06-23;556d12d9aceaff43eb090cdb;Burger King;QSR;1
2020-06-23;556e40c7bd6a82902e2671d3;Rite Aid;RAD;1
2020-06-23;562112d8498e0ecfc064e104;Tops Friendly Markets;RAD;1
2020-06-23;5568f5b6a7c8a9cf8ec4c0a6;Sassoon;RGS;1
2020-06-23;556e119fa7c82e6b725012e0;Supercuts;RGS;1
2020-06-23;5568ecada7c8a9cf8ec39003;Cost Cutters Family Hair Salon;RGS;1
2020-06-23;556a31e2a7c8957d73d48748;Sonic Automotive;SAH;1
2020-06-23;563bdebe498ed361ff5315a1;Sprouts Farmers Market;SFM;1
2020-06-23;5569fdf3a7c8896abe7dae26;Smart Foodservice Warehouse Stores;SFS;1
2020-06-23;556c8e00a7c8a11a36bcd555;Smart & Final;SFS;1
2020-06-23;556e2b60a7c82e6b7253b219;Sherwin-Williams;SHW;1
2020-06-23;556d0ef4aceaff43eb087d8c;Zales;SIG;1
2020-06-23;556d0353aceaff43eb077eff;Piercing Pagoda;SIG;1
2020-06-23;57471106498e68358a588a4e;Kay Jewelers;SIG;1
2020-06-23;556a283aa7c8957d73d35a50;Six Flags;SIX;1
2020-06-23;5569f984a7c8896abe7d26cd;Tanger Outlets;SKT;1
2020-06-23;556ce5abaceaff43eb0528b4;SKECHERS;SKX;1
2020-06-23;556a3897a7c8957d73d5597e;Stage Stores;SSI;1
2020-06-23;563e96f6498ef5e9422f13e9;SunTrust Bank;STI;1
2020-06-23;564217fa498e0b46fe8339ef;Sunoco;SUN;1
2020-06-23;5569ed8fa7c8896abe7bb0cb;Foodland;SVU;1
2020-06-23;5569fa5fa7c8896abe7d40cf;Farm Fresh;SVU;1
2020-06-23;556d1d36aceaff43eb0a9e5e;Save-A-Lot food stores;SVU;1
2020-06-23;5569fa5fa7c8896abe7d40cb;Shop 'n Save;SVU;1
2020-06-23;556e23e9a7c82e6b7252ceaf;Liberty Tax;TAX;1
2020-06-23;58545bb179dbf25654a7f762;The Container Store;TCS;1
2020-06-23;556e119fa7c82e6b725012dd;Target;TGT;1
2020-06-23;556c8b0ca7c8a11a36bc8621;Tiffany & Co;TIF;1
2020-06-23;556ce673aceaff43eb0548fd;HomeGoods;TJX;1
2020-06-23;556d1777aceaff43eb09d1f2;Marshalls;TJX;1
2020-06-23;556f3c14bd6a8104863befc5;Sierra Trading Post;TJX;1
2020-06-23;556de729a7c82f0fe9875f41;T.J.Maxx;TJX;1
2020-06-23;556d1612aceaff43eb0990d2;"Toys""R""Us";TOY;1
2020-06-23;556e40c7bd6a82902e2671d1;The UPS Store;UPS;1
2020-06-23;556e23e9a7c82e6b7252ce9d;U.S. Bank;USB;1
2020-06-23;556a37eca7c8957d73d5445b;United;UTX;1
2020-06-23;5568f29ca7c8a9cf8ec45a68;Marriott Vacation Club;VAC;1
2020-06-23;556f4530bd6a007c7738e4e2;The North Face;VFC;1
2020-06-23;55ccca6f498e248ef66e97d9;Timberland Factory Store;VFC;1
2020-06-23;5569f92ca7c8896abe7d1c1c;lucy activewear;VFC;1
2020-06-23;5665d3be60b2cc5383d6aa20;Vans;VFC;1
2020-06-23;5569ef13a7c8896abe7bdc15;Kipling;VFC;1
2020-06-23;5665d18760b2cc5383d366e2;Vans Outlet;VFC;1
2020-06-23;556e557dbd6a82902e288430;Lee Lumber;VFC;1
2020-06-23;556a23a0a7c8957d73d2e849;Timberland;VFC;1
2020-06-23;564256c7498ebbd4c62f4786;Valero;VLO;1
2020-06-23;556d009faceaff43eb073abd;The Vitamin Shoppe;VSI;1
2020-06-23;556f5631bd6a75a99036ab99;Walgreens;WBA;1
2020-06-23;556c9990a7c87f637869a5fd;Duane Reade;WBA;1
2020-06-23;5569febda7c8896abe7dc840;Wesco;WCC;1
2020-06-23;556f46f6bd6a007c77390fa9;Wendy's;WEN;1
2020-06-23;56255b92498e2de0a9b86312;Wells Fargo;WFC;1
2020-06-23;556cdf5baceaff43eb042df6;Whole Foods Market;WFM;1
2020-06-23;556f4482bd6a007c7738c7b8;Weis Markets;WMK;1
2020-06-23;5642390a498e1a3c5b6ea23f;Walmart Pharmacy;WMT;1
2020-06-23;556f676fbd6a75a99038d8e6;Walmart;WMT;1
2020-06-23;556d0353aceaff43eb077f03;Sam's Club;WMT;1
2020-06-23;5569f825a7c8896abe7cf7ab;The Clinic at Walmart;WMT;1
2020-06-23;563a967e498e432feae78c3d;Walmart Neighborhood Market;WMT;1
2020-06-23;56410b7c498eff5f95556f28;Sam's Club Pharmacy;WMT;1
2020-06-23;556f3ff0bd6a007c77382e47;Pottery Barn;WSM;1
2020-06-23;556a2ae0a7c8957d73d3a9c7;PBteen;WSM;1
2020-06-23;5569fb2da7c8896abe7d5b4e;west elm;WSM;1
2020-06-23;556c9767a7c8a11a36bdf572;Williams-Sonoma;WSM;1
2020-06-23;5734fc8a498e4225c64bc95f;Baymont Inn & Suites;WYN;1
2020-06-23;5568eca2a7c8a9cf8ec38c9e;Super 8;WYN;1
2020-06-23;556f400bbd6a007c773831a5;Baymont;WYN;1
2020-06-23;556e53b2bd6a82902e284bcf;Travelodge;WYN;1
2020-06-23;5568ed80a7c8a9cf8ec3acbb;Microtel;WYN;1
2020-06-23;55693a01acea5b47744bba9a;Wyndham Hotels & Resorts;WYN;1
2020-06-23;5569f1aba7c8896abe7c2852;Knights Inn;WYN;1
2020-06-23;556a2265a7c8957d73d2bfca;Howard Johnson;WYN;1
2020-06-23;55693a7facea5b47744bc7ff;Ramada;WYN;1
2020-06-23;556a2921a7c8957d73d3794c;CLUB WYNDHAM;WYN;1
2020-06-23;5569f021a7c8896abe7bfc44;Wingate by Wyndham;WYN;1
2020-06-23;57470775498e964e621749d9;Hawthorn Suites by Wyndham;WYN;1
2020-06-23;5569f417a7c8896abe7c7690;Days Inn;WYN;1
2020-06-23;556f676fbd6a75a99038d8e2;Exxon;XOM;1
2020-06-23;5591f502498e0605d742144d;Mobil;XOM;1
2020-06-23;556e40c7bd6a82902e2671cb;KFC;YUM;1
2020-06-23;556f5631bd6a75a99036aba1;Pizza Hut;YUM;1
2020-06-23;556f46f6bd6a007c77390fac;Taco Bell;YUM;1
2020-06-23;556ce0d4aceaff43eb0463e7;Apple Store;AAPL;1
2020-06-23;556cdebdaceaff43eb0413f8;Ann Taylor;ASNA;1
2020-06-23;573cc5a7498e84dcd4adc523;Dressbarn;ASNA;1
2020-06-23;556d0b88aceaff43eb0862c1;Lane Bryant;ASNA;1
2020-06-23;556f43a2bd6a007c7738a3b5;buybuy BABY;BBBY;1
2020-06-23;556de729a7c82f0fe9875f42;Bed Bath & Beyond;BBBY;1
2020-06-23;5569f8a8a7c8896abe7d0673;Brio Tuscan Grille;BBRG;1
2020-06-23;5569f8d5a7c8896abe7d0dfb;BRAVO! Cucina Italiana;BBRG;1
2020-06-23;58544ae1fc8d59474328a060;bebe;BEBE;1
2020-06-23;58110ff0498e1ca7dd4ac244;Big 5 Sporting Goods;BGFV;1
2020-06-23;556a41d7a7c8957d73d5f178;BJ's Restaurant and Brewhouse;BJRI;1
2020-06-23;556a24afa7c8957d73d30c59;Fleming's Prime Steakhouse;BLMN;1
2020-06-23;556c8cb7a7c8a11a36bcb5bb;Bonefish Grill;BLMN;1
2020-06-23;556d0ef4aceaff43eb087d95;Outback Steakhouse;BLMN;1
2020-06-23;556c9767a7c8a11a36bdf56d;Carrabba's;BLMN;1
2020-06-23;556cfb16aceaff43eb066788;Bob Evans Restaurant;BOBE;1
2020-06-23;556ca38ba7c87f63786a8df4;Bojangles' Famous Chicken 'n Biscuits;BOJA;1
2020-06-23;556e5f5fbd6a82902e29d0e6;Bon-Ton;BONT;1
2020-06-23;556f45c1bd6a007c7738fa81;Bassett Furniture;BSET;1
2020-06-23;556cfb16aceaff43eb066782;Burlington;BURL;1
2020-06-23;556d1d36aceaff43eb0a9e66;Buffalo Wild Wings;BWLD;1
2020-06-23;556a4b41a7c8957d73d67d96;The Cheesecake Factory;CAKE;1
2020-06-23;556e0f6fa7c82e6b724f8c80;Casey's General Store;CASY;1
2020-06-23;5854596079dbf25654a784cf;Cato Fashions;CATO;1
2020-06-23;556d0353aceaff43eb077ef8;Cracker Barrel;CBRL;1
2020-06-23;556a2c9ca7c8957d73d3e6e2;Conn's HomePlus;CONN;1
2020-06-23;556a3897a7c8957d73d55980;Costco;COST;1
2020-06-23;556cfd40aceaff43eb06ba5c;CubeSmart Self Storage;CUBE;1
2020-06-23;556a4d8aa7c8957d73d6bf6d;Famous Dave's;DAVE;1
2020-06-23;556a2e21a7c8957d73d41542;UGG Australia;DECK;1
2020-06-23;5643f7ba498e88495c76a788;UGG Australia Outlet;DECK;1
2020-06-23;556e0690a7c82e6b724e70a8;Denny's;DENN;1
2020-06-23;556e40c7bd6a82902e2671c9;Dollar Tree;DLTR;1
2020-06-23;556f676fbd6a75a99038d8f0;Dunkin';DNKN;1
2020-06-23;556e146fa7c82e6b725097d1;Baskin-Robbins;DNKN;1
2020-06-23;556a23a0a7c8957d73d2e84f;Destination XL;DXLG;1
2020-06-23;556d0900aceaff43eb07f9d5;EXPRESS;EXPR;1
2020-06-23;556a27d0a7c8957d73d34dd5;FIAT;FCAU;1
2020-06-23;573df7a2e4b0686b00a3066d;Jeep;FCAU;1
2020-06-23;556d0900aceaff43eb07f9dc;Finish Line;FINL;1
2020-06-23;556c8b0ca7c8a11a36bc8624;Five Below;FIVE;1
2020-06-23;5643a5ee498e5a40b9b1567a;First Niagara Bank;FNFG;1
2020-06-23;5568f52ba7c8a9cf8ec4ab11;Fogo de Chao Brazilian Steakhouse;FOGO;1
2020-06-23;57354752498ee9081545f927;Fossil;FOSL;1
2020-06-23;556d110aaceaff43eb08f06d;Fred's Super Dollar;FRED;1
2020-06-23;556a437ea7c8957d73d6118f;Taco Cabana;FRGI;1
2020-06-23;556a3897a7c8957d73d55978;Pollo Tropical;FRGI;1
2020-06-23;556e4eaebd6a82902e27f3e7;Papa Murphy's;FRSH;1
2020-06-23;556f444cbd6a007c7738c077;Gordmans;GMAN;1
2020-06-23;556a341fa7c8957d73d4cad4;The Habit Burger Grill;HABT;1
2020-06-23;5665d01260b2cc5383d0f484;Huntington Bank;HBAN;1
2020-06-23;556d1457aceaff43eb094f77;Hibbett Sports®;HIBB;1
2020-06-23;556cdd65aceaff43eb03dde2;H&M;HM-B;1
2020-06-23;556f431fbd6a007c77388daa;At Home;HOME;1
2020-06-23;5568f46da7c8a9cf8ec48e50;Isle of Capri Casinos, Inc;ISLE;1
2020-06-23;556e1846a7c82e6b72513d66;Jack in the Box;JACK;1
2020-06-23;556d0a3aaceaff43eb082e5c;Qdoba Mexican Grill;JACK;1
2020-06-23;556d0fe9aceaff43eb08b7c9;Jamba Juice;JMBA;1
2020-06-23;556a3474a7c8957d73d4d45b;kate spade new york;KATE;1
2020-06-23;556cde1baceaff43eb03f971;Kirkland's;KIRK;1
2020-06-23;5569eceda7c8896abe7ba0ac;Kona Grill;KONA;1
2020-06-23;556a4e08a7c8957d73d6ce52;Michael Kors;KORS;1
2020-06-23;556f41e9bd6a007c7738720f;El Pollo Loco;LOCO;1
2020-06-23;556cdebdaceaff43eb0413f0;lululemon athletica;LULU;1
2020-06-23;556d0479aceaff43eb07b079;Mattress Firm;MFRM;1
2020-06-23;556a302da7c8957d73d45119;Microsoft Store;MSFT;1
2020-06-23;556dfa53a7c82e6b724de09d;MurphyUSA;MUSA;1
2020-06-23;556f3bd9bd6a8104863be5a1;Nathan's Famous;NATH;1
2020-06-23;556a004fa7c8896abe7df6c7;Noodles & Company;NDLS;1
2020-06-23;5569efffa7c8896abe7bf79d;Newport;NEWP;1
2020-06-23;556a242fa7c8957d73d2fc7b;Natural Grocers;NGVC;1
2020-06-23;556e2b60a7c82e6b7253b214;O'Reilly Auto Parts;ORLY;1
2020-06-23;556e5dbabd6a82902e29a3ed;ecoATM;OUTR;1
2020-06-23;556f7a12bd6a75a9903bddb0;Coinstar;OUTR;1
2020-06-23;556a00d1a7c8896abe7dfb2b;Redbox;OUTR;1
2020-06-23;556cdf5baceaff43eb042e00;Potbelly Sandwich Shop;PBPB;1
2020-06-23;5569fa7aa7c8896abe7d443b;Dave & Buster's;PLAY;1
2020-06-23;556d1d36aceaff43eb0a9e6e;The Children's Place;PLCE;1
2020-06-23;561e8768498ea6bc69a4a287;Popeyes Louisiana Kitchen;PLKI;1
2020-06-23;556d0900aceaff43eb07f9d2;Planet Fitness;PLNT;1
2020-06-23;556e0f6fa7c82e6b724f8c8a;Panera Bread;PNRA;1
2020-06-23;563cf57c498e0913f542c5cc;Saint Louis Bread Co.;PNRA;1
2020-06-23;556d1914aceaff43eb0a1236;Party City;PRTY;1
2020-06-23;556d0fe9aceaff43eb08b7cd;PacSun;PSUN;1
2020-06-23;558c9b8bcd6a1ed24241fc9b;PacSun Outlet;PSUN;1
2020-06-23;556e23e9a7c82e6b7252ce9f;Papa John's Pizza;PZZA;1
2020-06-23;556a250ea7c8957d73d31c17;Elizabeth Arden, Inc.;RDEN;1
2020-06-23;556a42bba7c8957d73d5f808;dd's DISCOUNTS;ROST;1
2020-06-23;556dfa53a7c82e6b724de098;Ross Dress for Less;ROST;1
2020-06-23;556cfe41aceaff43eb06e33f;Red Robin Gourmet Burgers;RRGB;1
2020-06-23;556a29ada7c8957d73d38570;Ruth's Chris;RUTH;1
2020-06-23;556cde1baceaff43eb03f965;TEAVANA;SBUX;1
2020-06-23;556e5adfbd6a82902e294327;Evolution Fresh;SBUX;1
2020-06-23;556f676fbd6a75a99038d8ec;Starbucks;SBUX;1
2020-06-23;58545b4679dbf25654a7e8f9;Shoe Carnival;SCVL;1
2020-06-23;5568f746a7c8a9cf8ec4e251;SeaWorld Parks & Entertainment;SEAS;1
2020-06-23;5569f96da7c8896abe7d2328;Shake Shack;SHAK;1
2020-06-23;556d1eaeaceaff43eb0aea63;Kmart;SHLD;1
2020-06-23;556d1777aceaff43eb09d1ef;Sears;SHLD;1
2020-06-23;556f7a12bd6a75a9903bddb6;Shell;SHLX;1
2020-06-23;5568ef85a7c8a9cf8ec3ef6b;Steve Madden;SHOO;1
2020-06-23;556c9c7ca7c87f637869f5bf;Stein Mart;SMRT;1
2020-06-23;556e2b60a7c82e6b7253b20b;Sonic Drive-In;SONC;1
2020-06-23;556e1846a7c82e6b72513d59;STAPLES;SPLS;1
2020-06-23;563bdac5498eeb86d4b61e72;Del Taco;TACO;1
2020-06-23;556a45bfa7c8957d73d617e4;TravelCenters of America;TANO;1
2020-06-23;556a2d9ea7c8957d73d4052c;K&G Fashion;TLRD;1
2020-06-23;556ce8d9aceaff43eb0588d0;JoS. A. Bank;TLRD;1
2020-06-23;556d0a3aaceaff43eb082e56;Men's Wearhouse;TLRD;1
2020-06-23;556e23e9a7c82e6b7252cea1;T-Mobile;TMUS;1
2020-06-23;556e563fbd6a82902e289f7d;Metro by T-Mobile;TMUS;1
2020-06-23;5734ff1e498e4225c64bcd86;Tractor Supply Co.;TSCO;1
2020-06-23;556d12d9aceaff43eb090cd6;Tuesday Morning;TUES;1
2020-06-23;556a2532a7c8957d73d32149;Tumi;TUMI;1
2020-06-23;556ce426aceaff43eb04e8ac;Texas Roadhouse;TXRH;1
2020-06-23;564a03a1498e6380be261d0c;U-Haul;UHAL;1
2020-06-23;556d1777aceaff43eb09d1e4;ULTA Beauty;ULTA;1
2020-06-23;556f4423bd6a007c7738b950;Free People;URBN;1
2020-06-23;556c8cb7a7c8a11a36bcb5b3;Urban Outfitters;URBN;1
2020-06-23;556a4162a7c8957d73d5e4a5;Anthropologie;URBN;1
2020-06-23;556d12d9aceaff43eb090ce2;Wingstop;WING;1
2020-06-23;556e5f8dbd6a82902e29d8f1;West Marine;WMAR;1
2020-06-23;556f45f6bd6a007c773901bd;Zoës Kitchen;ZOES;1
2020-06-23;556cfe41aceaff43eb06e338;Zumiez;ZUMZ;1
2020-06-23;556d0ef4aceaff43eb087d97;adidas;ADDYY;1
2020-06-23;5568f37fa7c8a9cf8ec46cc3;Reebok;ADDYY;1
2020-06-23;556d1914aceaff43eb0a123a;Circle K;ATD.B;1
2020-06-23;556a4bb0a7c8957d73d68bb4;Dairy Queen;BRK-B;1
2020-06-23;556a2ae0a7c8957d73d3a9c8;Ben Bridge Jeweler;BRK-B;1
2020-06-23;5568ee87a7c8a9cf8ec3cd40;Star Furniture;BRK-B;1
2020-06-23;556e5817bd6a82902e28d75d;Nebraska Furniture Mart;BRK-B;1
2020-06-23;556c8e00a7c8a11a36bcd553;Nespresso;NSRGY;1
2020-06-23;556e5d5ebd6a82902e2994c2;Audi;VLKAY;1
2020-06-23;556a36a5a7c8957d73d51a7c;Volkswagen;VLKAY;1
2020-06-23;556a302da7c8957d73d4510f;Westfield;WFGPY;1
2020-06-23;5569fef6a7c8896abe7dccbe;Burson-Marsteller;WPPGY;1